Title,Price
adidas Men Adisonic M Black Running Shoes,s 1599
adidas Men Adispree M Black Running Shoes,s 3299
adidas Men Albis 1.0 M Black Running Shoes,s 2699
adidas Men Adispree M Dark Blue Running Shoes,s 3299
adidas Men Adi Pacer M White Running Shoes,s 2639
adidas Men Adi Pacer M Black Running Shoes,s 1979
adidas Men Adisonic M White Running Shoes,s 2799
adidas Men Albis 1.0 M White Running Shoes,s 2599
adidas Men Adi Primo 1.0 M Dark Grey Running  ...,s 2899
adidas Men Lunett M Grey Running Shoes,s 1859
adidas Men Yamo Blue Running Shoes,s 3439
adidas Men Adispree M White Running Shoes,s 3299
adidas Men's Yking M Grey Running Shoes,s 2999
adidas Men 22Yds Trainer III White Cricket Sh ...,s 3699
adidas Men Tyrant Blue Basketball Shoes,s 4299
adidas Men Vector Trainer White Cricket Shoes,s 4299
adidas Men Vanquish 1.0 White Running Shoes,s 2399
adidas Men Adisonic M Dark Blue Running Shoes,s 2999
adidas Men's Adiray 1.0 M Grey Running Shoes,s 3549
adidas Men's Erdiga 1.0 Grey Running Shoes,s 3999
adidas Men Erdiga M Black Running Shoes,s 3999
adidas Men Galba M Silver Running Shoes,s 2899
adidas Men Adi Pacer M Blue Running Shoes,s 1979
adidas Men Adiray M Black Running Shoes,s 2899
adidas Men Ax2 Black Trekking & Hiking Shoes,s 7099
adidas Men Astrolite M Black Running Shoes,s 2899
adidas Men Adi Primo 1.0 M White Running Shoe ...,s 2899
adidas Men Alcor 1.0 M Black Running Shoes,s 2239
adidas Men Adiray M Blue Running Shoes,s 2899
adidas Men Aztor Hiker Mid Brown Trekking & H ...,s 4999
adidas Men Adisonic M Black Running Shoes,s 1599
adidas Men Adispree M Black Running Shoes,s 3299
adidas Men Albis 1.0 M Black Running Shoes,s 2699
adidas Men Adispree M Dark Blue Running Shoes,s 3299
adidas Men Adi Pacer M White Running Shoes,s 2639
adidas Men Adi Pacer M Black Running Shoes,s 1979
adidas Men Adisonic M White Running Shoes,s 2799
adidas Men Albis 1.0 M White Running Shoes,s 2599
adidas Men Adi Primo 1.0 M Dark Grey Running  ...,s 2899
adidas Men Lunett M Grey Running Shoes,s 1859
adidas Men Yamo Blue Running Shoes,s 3439
adidas Men Adispree M White Running Shoes,s 3299
adidas Men's Yking M Grey Running Shoes,s 2999
adidas Men 22Yds Trainer III White Cricket Sh ...,s 3699
adidas Men Tyrant Blue Basketball Shoes,s 4299
adidas Men Vector Trainer White Cricket Shoes,s 4299
adidas Men Vanquish 1.0 White Running Shoes,s 2399
adidas Men Adisonic M Dark Blue Running Shoes,s 2999
adidas Men's Adiray 1.0 M Grey Running Shoes,s 3549
adidas Men's Erdiga 1.0 Grey Running Shoes,s 3999
adidas Men Erdiga M Black Running Shoes,s 3999
adidas Men Galba M Silver Running Shoes,s 2899
adidas Men Adi Pacer M Blue Running Shoes,s 1979
adidas Men Adiray M Black Running Shoes,s 2899
adidas Men Ax2 Black Trekking & Hiking Shoes,s 7099
adidas Men Astrolite M Black Running Shoes,s 2899
adidas Men Adi Primo 1.0 M White Running Shoe ...,s 2899
adidas Men Alcor 1.0 M Black Running Shoes,s 2239
adidas Men Adiray M Blue Running Shoes,s 2899
adidas Men Aztor Hiker Mid Brown Trekking & H ...,s 4999
adidas Men Adisonic M Black Running Shoes,s 1599
adidas Men Adispree M Black Running Shoes,s 3299
adidas Men Albis 1.0 M Black Running Shoes,s 2699
adidas Men Adispree M Dark Blue Running Shoes,s 3299
adidas Men Adi Pacer M White Running Shoes,s 2639
adidas Men Adi Pacer M Black Running Shoes,s 1979
adidas Men Adisonic M White Running Shoes,s 2799
adidas Men Albis 1.0 M White Running Shoes,s 2599
adidas Men Adi Primo 1.0 M Dark Grey Running  ...,s 2899
adidas Men Lunett M Grey Running Shoes,s 1859
adidas Men Yamo Blue Running Shoes,s 3439
adidas Men Adispree M White Running Shoes,s 3299
adidas Men's Yking M Grey Running Shoes,s 2999
adidas Men 22Yds Trainer III White Cricket Sh ...,s 3699
adidas Men Tyrant Blue Basketball Shoes,s 4299
adidas Men Vector Trainer White Cricket Shoes,s 4299
adidas Men Vanquish 1.0 White Running Shoes,s 2399
adidas Men Adisonic M Dark Blue Running Shoes,s 2999
adidas Men's Adiray 1.0 M Grey Running Shoes,s 3549
adidas Men's Erdiga 1.0 Grey Running Shoes,s 3999
adidas Men Erdiga M Black Running Shoes,s 3999
adidas Men Galba M Silver Running Shoes,s 2899
adidas Men Adi Pacer M Blue Running Shoes,s 1979
adidas Men Adiray M Black Running Shoes,s 2899
adidas Men Ax2 Black Trekking & Hiking Shoes,s 7099
adidas Men Astrolite M Black Running Shoes,s 2899
adidas Men Adi Primo 1.0 M White Running Shoe ...,s 2899
adidas Men Alcor 1.0 M Black Running Shoes,s 2239
adidas Men Adiray M Blue Running Shoes,s 2899
adidas Men Aztor Hiker Mid Brown Trekking & H ...,s 4999
adidas Men Adisonic M Black Running Shoes,s 1599
adidas Men Adispree M Black Running Shoes,s 3299
adidas Men Albis 1.0 M Black Running Shoes,s 2699
adidas Men Adispree M Dark Blue Running Shoes,s 3299
adidas Men Adi Pacer M White Running Shoes,s 2639
adidas Men Adi Pacer M Black Running Shoes,s 1979
adidas Men Adisonic M White Running Shoes,s 2799
adidas Men Albis 1.0 M White Running Shoes,s 2599
adidas Men Adi Primo 1.0 M Dark Grey Running  ...,s 2899
adidas Men Lunett M Grey Running Shoes,s 1859
adidas Men Yamo Blue Running Shoes,s 3439
adidas Men Adispree M White Running Shoes,s 3299
adidas Men's Yking M Grey Running Shoes,s 2999
adidas Men 22Yds Trainer III White Cricket Sh ...,s 3699
adidas Men Tyrant Blue Basketball Shoes,s 4299
adidas Men Vector Trainer White Cricket Shoes,s 4299
adidas Men Vanquish 1.0 White Running Shoes,s 2399
adidas Men Adisonic M Dark Blue Running Shoes,s 2999
adidas Men's Adiray 1.0 M Grey Running Shoes,s 3549
adidas Men's Erdiga 1.0 Grey Running Shoes,s 3999
adidas Men Erdiga M Black Running Shoes,s 3999
adidas Men Galba M Silver Running Shoes,s 2899
adidas Men Adi Pacer M Blue Running Shoes,s 1979
adidas Men Adiray M Black Running Shoes,s 2899
adidas Men Ax2 Black Trekking & Hiking Shoes,s 7099
adidas Men Astrolite M Black Running Shoes,s 2899
adidas Men Adi Primo 1.0 M White Running Shoe ...,s 2899
adidas Men Alcor 1.0 M Black Running Shoes,s 2239
adidas Men Adiray M Blue Running Shoes,s 2899
adidas Men Aztor Hiker Mid Brown Trekking & H ...,s 4999
adidas Men Adisonic M Black Running Shoes,s 1599
adidas Men Adispree M Black Running Shoes,s 3299
adidas Men Albis 1.0 M Black Running Shoes,s 2699
adidas Men Adispree M Dark Blue Running Shoes,s 3299
adidas Men Adi Pacer M White Running Shoes,s 2639
adidas Men Adi Pacer M Black Running Shoes,s 1979
adidas Men Adisonic M White Running Shoes,s 2799
adidas Men Albis 1.0 M White Running Shoes,s 2599
adidas Men Adi Primo 1.0 M Dark Grey Running  ...,s 2899
adidas Men Lunett M Grey Running Shoes,s 1859
adidas Men Yamo Blue Running Shoes,s 3439
adidas Men Adispree M White Running Shoes,s 3299
adidas Men's Yking M Grey Running Shoes,s 2999
adidas Men 22Yds Trainer III White Cricket Sh ...,s 3699
adidas Men Tyrant Blue Basketball Shoes,s 4299
adidas Men Vector Trainer White Cricket Shoes,s 4299
adidas Men Vanquish 1.0 White Running Shoes,s 2399
adidas Men Adisonic M Dark Blue Running Shoes,s 2999
adidas Men's Adiray 1.0 M Grey Running Shoes,s 3549
adidas Men's Erdiga 1.0 Grey Running Shoes,s 3999
adidas Men Erdiga M Black Running Shoes,s 3999
adidas Men Galba M Silver Running Shoes,s 2899
adidas Men Adi Pacer M Blue Running Shoes,s 1979
adidas Men Adiray M Black Running Shoes,s 2899
adidas Men Ax2 Black Trekking & Hiking Shoes,s 7099
adidas Men Astrolite M Black Running Shoes,s 2899
adidas Men Adi Primo 1.0 M White Running Shoe ...,s 2899
adidas Men Alcor 1.0 M Black Running Shoes,s 2239
adidas Men Adiray M Blue Running Shoes,s 2899
adidas Men Aztor Hiker Mid Brown Trekking & H ...,s 4999
adidas Men Adisonic M Black Running Shoes,s 1599
adidas Men Adispree M Black Running Shoes,s 3299
adidas Men Albis 1.0 M Black Running Shoes,s 2699
adidas Men Adispree M Dark Blue Running Shoes,s 3299
adidas Men Adi Pacer M White Running Shoes,s 2639
adidas Men Adi Pacer M Black Running Shoes,s 1979
adidas Men Adisonic M White Running Shoes,s 2799
adidas Men Albis 1.0 M White Running Shoes,s 2599
adidas Men Adi Primo 1.0 M Dark Grey Running  ...,s 2899
adidas Men Lunett M Grey Running Shoes,s 1859
adidas Men Yamo Blue Running Shoes,s 3439
adidas Men Adispree M White Running Shoes,s 3299
adidas Men's Yking M Grey Running Shoes,s 2999
adidas Men 22Yds Trainer III White Cricket Sh ...,s 3699
adidas Men Tyrant Blue Basketball Shoes,s 4299
adidas Men Vector Trainer White Cricket Shoes,s 4299
adidas Men Vanquish 1.0 White Running Shoes,s 2399
adidas Men Adisonic M Dark Blue Running Shoes,s 2999
adidas Men's Adiray 1.0 M Grey Running Shoes,s 3549
adidas Men's Erdiga 1.0 Grey Running Shoes,s 3999
adidas Men Erdiga M Black Running Shoes,s 3999
adidas Men Galba M Silver Running Shoes,s 2899
adidas Men Adi Pacer M Blue Running Shoes,s 1979
adidas Men Adiray M Black Running Shoes,s 2899
adidas Men Ax2 Black Trekking & Hiking Shoes,s 7099
adidas Men Astrolite M Black Running Shoes,s 2899
adidas Men Adi Primo 1.0 M White Running Shoe ...,s 2899
adidas Men Alcor 1.0 M Black Running Shoes,s 2239
adidas Men Adiray M Blue Running Shoes,s 2899
adidas Men Aztor Hiker Mid Brown Trekking & H ...,s 4999
adidas Men Adisonic M Black Running Shoes,s 1599
adidas Men Adispree M Black Running Shoes,s 3299
adidas Men Albis 1.0 M Black Running Shoes,s 2699
adidas Men Adispree M Dark Blue Running Shoes,s 3299
adidas Men Adi Pacer M White Running Shoes,s 2639
adidas Men Adi Pacer M Black Running Shoes,s 1979
adidas Men Adisonic M White Running Shoes,s 2799
adidas Men Albis 1.0 M White Running Shoes,s 2599
adidas Men Adi Primo 1.0 M Dark Grey Running  ...,s 2899
adidas Men Lunett M Grey Running Shoes,s 1859
adidas Men Yamo Blue Running Shoes,s 3439
adidas Men Adispree M White Running Shoes,s 3299
adidas Men's Yking M Grey Running Shoes,s 2999
adidas Men 22Yds Trainer III White Cricket Sh ...,s 3699
adidas Men Tyrant Blue Basketball Shoes,s 4299
adidas Men Vector Trainer White Cricket Shoes,s 4299
adidas Men Vanquish 1.0 White Running Shoes,s 2399
adidas Men Adisonic M Dark Blue Running Shoes,s 2999
adidas Men's Adiray 1.0 M Grey Running Shoes,s 3549
adidas Men's Erdiga 1.0 Grey Running Shoes,s 3999
adidas Men Erdiga M Black Running Shoes,s 3999
adidas Men Galba M Silver Running Shoes,s 2899
adidas Men Adi Pacer M Blue Running Shoes,s 1979
adidas Men Adiray M Black Running Shoes,s 2899
adidas Men Ax2 Black Trekking & Hiking Shoes,s 7099
adidas Men Astrolite M Black Running Shoes,s 2899
adidas Men Adi Primo 1.0 M White Running Shoe ...,s 2899
adidas Men Alcor 1.0 M Black Running Shoes,s 2239
adidas Men Adiray M Blue Running Shoes,s 2899
adidas Men Aztor Hiker Mid Brown Trekking & H ...,s 4999
adidas Men Adisonic M Black Running Shoes,s 1599
adidas Men Adispree M Black Running Shoes,s 3299
adidas Men Albis 1.0 M Black Running Shoes,s 2699
adidas Men Adispree M Dark Blue Running Shoes,s 3299
adidas Men Adi Pacer M White Running Shoes,s 2639
adidas Men Adi Pacer M Black Running Shoes,s 1979
adidas Men Adisonic M White Running Shoes,s 2799
adidas Men Albis 1.0 M White Running Shoes,s 2599
adidas Men Adi Primo 1.0 M Dark Grey Running  ...,s 2899
adidas Men Lunett M Grey Running Shoes,s 1859
adidas Men Yamo Blue Running Shoes,s 3439
adidas Men Adispree M White Running Shoes,s 3299
adidas Men's Yking M Grey Running Shoes,s 2999
adidas Men 22Yds Trainer III White Cricket Sh ...,s 3699
adidas Men Tyrant Blue Basketball Shoes,s 4299
adidas Men Vector Trainer White Cricket Shoes,s 4299
adidas Men Vanquish 1.0 White Running Shoes,s 2399
adidas Men Adisonic M Dark Blue Running Shoes,s 2999
adidas Men's Adiray 1.0 M Grey Running Shoes,s 3549
adidas Men's Erdiga 1.0 Grey Running Shoes,s 3999
adidas Men Erdiga M Black Running Shoes,s 3999
adidas Men Galba M Silver Running Shoes,s 2899
adidas Men Adi Pacer M Blue Running Shoes,s 1979
adidas Men Adiray M Black Running Shoes,s 2899
adidas Men Ax2 Black Trekking & Hiking Shoes,s 7099
adidas Men Astrolite M Black Running Shoes,s 2899
adidas Men Adi Primo 1.0 M White Running Shoe ...,s 2899
adidas Men Alcor 1.0 M Black Running Shoes,s 2239
adidas Men Adiray M Blue Running Shoes,s 2899
adidas Men Aztor Hiker Mid Brown Trekking & H ...,s 4999
adidas Men Adisonic M Black Running Shoes,s 1599
adidas Men Adispree M Black Running Shoes,s 3299
adidas Men Albis 1.0 M Black Running Shoes,s 2699
adidas Men Adispree M Dark Blue Running Shoes,s 3299
adidas Men Adi Pacer M White Running Shoes,s 2639
adidas Men Adi Pacer M Black Running Shoes,s 1979
adidas Men Adisonic M White Running Shoes,s 2799
adidas Men Albis 1.0 M White Running Shoes,s 2599
adidas Men Adi Primo 1.0 M Dark Grey Running  ...,s 2899
adidas Men Lunett M Grey Running Shoes,s 1859
adidas Men Yamo Blue Running Shoes,s 3439
adidas Men Adispree M White Running Shoes,s 3299
adidas Men's Yking M Grey Running Shoes,s 2999
adidas Men 22Yds Trainer III White Cricket Sh ...,s 3699
adidas Men Tyrant Blue Basketball Shoes,s 4299
adidas Men Vector Trainer White Cricket Shoes,s 4299
adidas Men Vanquish 1.0 White Running Shoes,s 2399
adidas Men Adisonic M Dark Blue Running Shoes,s 2999
adidas Men's Adiray 1.0 M Grey Running Shoes,s 3549
adidas Men's Erdiga 1.0 Grey Running Shoes,s 3999
adidas Men Erdiga M Black Running Shoes,s 3999
adidas Men Galba M Silver Running Shoes,s 2899
adidas Men Adi Pacer M Blue Running Shoes,s 1979
adidas Men Adiray M Black Running Shoes,s 2899
adidas Men Ax2 Black Trekking & Hiking Shoes,s 7099
adidas Men Astrolite M Black Running Shoes,s 2899
adidas Men Adi Primo 1.0 M White Running Shoe ...,s 2899
adidas Men Alcor 1.0 M Black Running Shoes,s 2239
adidas Men Adiray M Blue Running Shoes,s 2899
adidas Men Aztor Hiker Mid Brown Trekking & H ...,s 4999
adidas Men Adisonic M Black Running Shoes,s 1599
adidas Men Adispree M Black Running Shoes,s 3299
adidas Men Albis 1.0 M Black Running Shoes,s 2699
adidas Men Adispree M Dark Blue Running Shoes,s 3299
adidas Men Adi Pacer M White Running Shoes,s 2639
adidas Men Adi Pacer M Black Running Shoes,s 1979
adidas Men Adisonic M White Running Shoes,s 2799
adidas Men Albis 1.0 M White Running Shoes,s 2599
adidas Men Adi Primo 1.0 M Dark Grey Running  ...,s 2899
adidas Men Lunett M Grey Running Shoes,s 1859
adidas Men Yamo Blue Running Shoes,s 3439
adidas Men Adispree M White Running Shoes,s 3299
adidas Men's Yking M Grey Running Shoes,s 2999
adidas Men 22Yds Trainer III White Cricket Sh ...,s 3699
adidas Men Tyrant Blue Basketball Shoes,s 4299
adidas Men Vector Trainer White Cricket Shoes,s 4299
adidas Men Vanquish 1.0 White Running Shoes,s 2399
adidas Men Adisonic M Dark Blue Running Shoes,s 2999
adidas Men's Adiray 1.0 M Grey Running Shoes,s 3549
adidas Men's Erdiga 1.0 Grey Running Shoes,s 3999
adidas Men Erdiga M Black Running Shoes,s 3999
adidas Men Galba M Silver Running Shoes,s 2899
adidas Men Adi Pacer M Blue Running Shoes,s 1979
adidas Men Adiray M Black Running Shoes,s 2899
adidas Men Ax2 Black Trekking & Hiking Shoes,s 7099
adidas Men Astrolite M Black Running Shoes,s 2899
adidas Men Adi Primo 1.0 M White Running Shoe ...,s 2899
adidas Men Alcor 1.0 M Black Running Shoes,s 2239
adidas Men Adiray M Blue Running Shoes,s 2899
adidas Men Aztor Hiker Mid Brown Trekking & H ...,s 4999
